Vorschaubild,Inv.Nr.,Link DIPkatalog,Standort,Herstellungsort,Fundort/Herkunft,Foto Link - Medienserver,Objektbezeichnung,Beschreibung (Museumsobjekt),Objektgeschichte (Museumsobjekt),Material,Technik,Entstehungszeit,Schlagworte,Eingangsart,Eing.Nr.,Lizenzbedingung,Link Museumsdatenbank,Eigentümer,Publizieren,Thema,Sammlung,Copyright,Institution,Bilder zum Objekt,Dateiname
,KFJM0899,https://www.noemuseen.at/objekt-detail/catalog/kachelmodel-65932/,"Kaiser Franz Josef Museum Baden, Hochstraße 51, 2500 Baden",Raabs an der Thaya (Hafnerei Meier u. Söhne) ,Drosendorf (Sammlung Huber) ,https://media.noemuseen.at/imdas/Bilder/digs505n/noemuseen/0272/KFJM0899.JPG,Kachelmodel,"Rechteckiger, irdener, unglasierter Kachelmodel mit der Hohlform des ""S. MATHEVS"" unter einem Rundbogen und über der Jahreszahl 1628; auf einer Seite befindet sich die Darstellung eines ""Verkündigungsengels"", auf der anderen Seite die Hl. Maria unter einem Baldachin vor einem Pult; darüber ist der Hl. Geist zwischen zwei sitzenden Putten dargestellt.",,Keramik/Ton,gebrannt,1628,,,1/2003,CC BY-ND 4.0 - Namensnennung-Keine Bearbeitung,https://datenbank.noemuseen.at/0272,Verein Niederösterreichische Landesfreunde,1,,Kaiser Franz Josef Museum Baden,Verein d. N.Ö. Landesfreunde,Kaiser Franz Josef Museum Baden,\\digs505n\noemuseen\0272\KFJM0899.JPG,
,KFJM0901,,"Kaiser Franz Josef Museum Baden, Hochstraße 51, 2500 Baden",Retz (Hafnerei Gruber) ,Drosendorf (Sammlung Huber) ,https://media.noemuseen.at/imdas/Bilder/digs505n/noemuseen/0272/KFJM0901.JPG,Kachelmodel,"Rechteckiger, irdener, unglasierter Kachelmodel mit der Hohlform des ""S. SIMON"" unter einem Rundbogen und über der Jahreszahl 1628; auf einer Seite befindet sich die Darstellung eines ""Verkündigungsengels"", auf der anderen Seite die Hl. Maria unter einem Baldachin vor einem Pult; darüber ist der Hl. Geist zwischen zwei sitzenden Putten dargestellt.",,Keramik/Ton,gebrannt,1628,,,3/2003,CC BY-ND 4.0 - Namensnennung-Keine Bearbeitung,https://datenbank.noemuseen.at/0272,Verein Niederösterreichische Landesfreunde,1x,,Kaiser Franz Josef Museum Baden,Verein d. N.Ö. Landesfreunde,Kaiser Franz Josef Museum Baden,\\digs505n\noemuseen\0272\KFJM0901.JPG,
,KFJM0902,https://www.noemuseen.at/objekt-detail/catalog/kachelmodel-65935/,"Kaiser Franz Josef Museum Baden, Hochstraße 51, 2500 Baden",Raabs an der Thaya (Hafnerei Meier u. Söhne) ,Drosendorf (Sammlung Huber) ,https://media.noemuseen.at/imdas/Bilder/digs505n/noemuseen/0272/KFJM0902.JPG,Kachelmodel,"Rechteckiger, irdener, unglasierter Kachelmodel mit der Hohlform der Darstellung von ""Christus am Ölberg"" mit zwei schlafenden Jüngern unter einem Rundbogen samt der Darstellung von zwei Cherubinen.",,Keramik/Ton,gebrannt,1600-1633,,,4/2003,CC BY-ND 4.0 - Namensnennung-Keine Bearbeitung,https://datenbank.noemuseen.at/0272,Verein Niederösterreichische Landesfreunde,1,,Kaiser Franz Josef Museum Baden,Verein d. N.Ö. Landesfreunde,Kaiser Franz Josef Museum Baden,\\digs505n\noemuseen\0272\KFJM0902.JPG,
,KFJM4268,https://www.noemuseen.at/objekt-detail/catalog/negativform-68201/,"Kaiser Franz Josef Museum Baden, Hochstraße 51, 2500 Baden","Neunkirchen, (Hafner unbekannt) ","Neunkirchen, Hauptstraße 4",https://media.noemuseen.at/imdas/Bilder/digs505n/noemuseen/0272/KFJM4268.JPG,Negativform,rechteckige Negativform mit der Abbildung eines Kopfes in einem auf die Spitze gestellten Quadrat darunter Verbindung zu Rankenmustern;,,Gips,gegossen,,,,1384/2003,CC BY-ND 4.0 - Namensnennung-Keine Bearbeitung,https://datenbank.noemuseen.at/0272,Verein Niederösterreichische Landesfreunde,1,,Kaiser Franz Josef Museum Baden,Verein d. N.Ö. Landesfreunde,Kaiser Franz Josef Museum Baden,\\digs505n\noemuseen\0272\KFJM4268.jpg,
,KFJM4269,https://www.noemuseen.at/objekt-detail/catalog/negativform-68202/,"Kaiser Franz Josef Museum Baden, Hochstraße 51, 2500 Baden",Klein Pöchlarn (Hafnerei Erndt) ,"Neunkirchen, Hauptstraße 4",https://media.noemuseen.at/imdas/Bilder/digs505n/noemuseen/0272/KFJM4269.jpg,Negativform,"unregelmäßig tropfenförmige Negativform mit der Abbildung eines Männergesichts mit herabhängendem Schnurrbart und geöffnetem Mund, das von Blatt- und Rankenmustern umgeben ist; ",,Gips,gegossen,,,,1385/2003,CC BY-ND 4.0 - Namensnennung-Keine Bearbeitung,https://datenbank.noemuseen.at/0272,Verein Niederösterreichische Landesfreunde,1,,Kaiser Franz Josef Museum Baden,Verein d. N.Ö. Landesfreunde,Kaiser Franz Josef Museum Baden,\\digs505n\noemuseen\0272\KFJM4269.jpg,
,KFJM4270,https://www.noemuseen.at/objekt-detail/catalog/negativform-68203/,"Kaiser Franz Josef Museum Baden, Hochstraße 51, 2500 Baden","Neunkirchen, (Hafner unbekannt) ",Bad Vöslau (Verlassenschaft Müller) ,https://media.noemuseen.at/imdas/Bilder/digs505n/noemuseen/0272/KFJM4270.jpg,Negativform,rundbogenförmige Negativform mit der Darstellung von Rocaille-Mustern und darüber 7 Blättern;,,Gips,gegossen,,,,1386/2003,CC BY-ND 4.0 - Namensnennung-Keine Bearbeitung,https://datenbank.noemuseen.at/0272,Verein Niederösterreichische Landesfreunde,1,,Kaiser Franz Josef Museum Baden,Verein d. N.Ö. Landesfreunde,Kaiser Franz Josef Museum Baden,\\digs505n\noemuseen\0272\KFJM4270.jpg,
,KFJM0910,https://www.noemuseen.at/objekt-detail/catalog/kachelmodel-65943/,"Kaiser Franz Josef Museum Baden, Hochstraße 51, 2500 Baden",Raabs an der Thaya (Hafnerei Meier u. Söhne) ,"Neunkirchen, Hauptstraße 4",https://media.noemuseen.at/imdas/Bilder/digs505n/noemuseen/0272/KFJM0910.JPG,Kachelmodel,"Quadratischer, irdener, unglasierter Hohlmodel mit geometrischem Muster (Quadrate mit Punkten).",,Keramik/Ton,gebrannt,,,,12/2003,CC BY-ND 4.0 - Namensnennung-Keine Bearbeitung,https://datenbank.noemuseen.at/0272,Verein Niederösterreichische Landesfreunde,1,,Kaiser Franz Josef Museum Baden,Verein d. N.Ö. Landesfreunde,Kaiser Franz Josef Museum Baden,\\digs505n\noemuseen\0272\KFJM0910.JPG,
,KFJM3861,,"Kaiser Franz Josef Museum Baden, Hochstraße 51, 2500 Baden",,,https://media.noemuseen.at/imdas/Bilder/digs505n/noemuseen/0272/KFJM3861.JPG,Relief,"Relief: Abguss der Gedenkmünze zur Stadterhebung mit dem Badener Stadtwappen und dem umlaufendne Schriftzug ""BADEN 1480 ERHEBUNG ZUR STADT 1930"" auf der einen Seite und einer planen Rückseite.",,Gips,gegossen,,,,351/2003,CC BY-ND 4.0 - Namensnennung-Keine Bearbeitung,https://datenbank.noemuseen.at/0272,Verein Niederösterreichische Landesfreunde,1x,,Kaiser Franz Josef Museum Baden,Verein d. N.Ö. Landesfreunde,Kaiser Franz Josef Museum Baden,\\digs505n\noemuseen\0272\KFJM3861.JPG,
,KFJM4051,https://www.noemuseen.at/objekt-detail/catalog/negativform-67993/,"Kaiser Franz Josef Museum Baden, Hochstraße 51, 2500 Baden",,,https://media.noemuseen.at/imdas/Bilder/digs505n/noemuseen/0272/KFJM4051.JPG,Negativform,Negativform mit rechteckiger Grundfläche und Rundbogenabschluss aus Gips für eine weibliche Gestalt mit erhobener Hand.,,Gips,gegossen,,,,687/2003,CC BY-ND 4.0 - Namensnennung-Keine Bearbeitung,https://datenbank.noemuseen.at/0272,Verein Niederösterreichische Landesfreunde,1,,Kaiser Franz Josef Museum Baden,Verein d. N.Ö. Landesfreunde,Kaiser Franz Josef Museum Baden,\\digs505n\noemuseen\0272\KFJM4051.JPG,
,KFJM4052,https://www.noemuseen.at/objekt-detail/catalog/negativform-67994/,"Kaiser Franz Josef Museum Baden, Hochstraße 51, 2500 Baden",,,https://media.noemuseen.at/imdas/Bilder/digs505n/noemuseen/0272/KFJM4052.JPG,Negativform,Annähernd quaderförmige Negativform aus Gips für eine langhaarige Frau im Kleid.,,Gips,gegossen,,,,688/2003,CC BY-ND 4.0 - Namensnennung-Keine Bearbeitung,https://datenbank.noemuseen.at/0272,Verein Niederösterreichische Landesfreunde,1,,Kaiser Franz Josef Museum Baden,Verein d. N.Ö. Landesfreunde,Kaiser Franz Josef Museum Baden,\\digs505n\noemuseen\0272\KFJM4052.JPG,
,KFJM4053,https://www.noemuseen.at/objekt-detail/catalog/negativform-67995/,"Kaiser Franz Josef Museum Baden, Hochstraße 51, 2500 Baden",,,https://media.noemuseen.at/imdas/Bilder/digs505n/noemuseen/0272/KFJM4053.JPG,Negativform,Negativform mit ovoidem Grundriss aus Gips für eine Blume.,,Gips,gegossen,,,,689/2003,CC BY-ND 4.0 - Namensnennung-Keine Bearbeitung,https://datenbank.noemuseen.at/0272,Verein Niederösterreichische Landesfreunde,1,,Kaiser Franz Josef Museum Baden,Verein d. N.Ö. Landesfreunde,Kaiser Franz Josef Museum Baden,\\digs505n\noemuseen\0272\KFJM4053.JPG,
,KFJM4054,https://www.noemuseen.at/objekt-detail/catalog/negativform-67996/,"Kaiser Franz Josef Museum Baden, Hochstraße 51, 2500 Baden",,,https://media.noemuseen.at/imdas/Bilder/digs505n/noemuseen/0272/KFJM4054.JPG,Negativform,Annähernd quaderförmige Negativform aus Gips mit der Darstellung eines Fabelwesens (die vordere Hälfte eines Pferdkörpers und der Schwanz eines Fisches).,,Gips,gegossen,,,,690/2003,CC BY-ND 4.0 - Namensnennung-Keine Bearbeitung,https://datenbank.noemuseen.at/0272,Verein Niederösterreichische Landesfreunde,1,,Kaiser Franz Josef Museum Baden,Verein d. N.Ö. Landesfreunde,Kaiser Franz Josef Museum Baden,\\digs505n\noemuseen\0272\KFJM4054.JPG,
,KFJM4236,https://www.noemuseen.at/objekt-detail/catalog/negativform-68169/,"Kaiser Franz Josef Museum Baden, Hochstraße 51, 2500 Baden",,,https://media.noemuseen.at/imdas/Bilder/digs505n/noemuseen/0272/KFJM4236.jpg,Negativform,runde Gipsmodel mit Blattrosette;,,Gips,gegossen;modelliert,,,,1351/2003,CC BY-ND 4.0 - Namensnennung-Keine Bearbeitung,https://datenbank.noemuseen.at/0272,Verein Niederösterreichische Landesfreunde,1,,Kaiser Franz Josef Museum Baden,Verein d. N.Ö. Landesfreunde,Kaiser Franz Josef Museum Baden,\\digs505n\noemuseen\0272\KFJM4236.jpg,
,KFJM4237,https://www.noemuseen.at/objekt-detail/catalog/negativform-68170/,"Kaiser Franz Josef Museum Baden, Hochstraße 51, 2500 Baden",,,https://media.noemuseen.at/imdas/Bilder/digs505n/noemuseen/0272/KFJM4237.jpg,Negativform,runde Gipsmodel mit Darstellung eines Blumenkorbes;,,Gips,gegossen;modelliert,,,,1353/2003,CC BY-ND 4.0 - Namensnennung-Keine Bearbeitung,https://datenbank.noemuseen.at/0272,Verein Niederösterreichische Landesfreunde,1,,Kaiser Franz Josef Museum Baden,Verein d. N.Ö. Landesfreunde,Kaiser Franz Josef Museum Baden,\\digs505n\noemuseen\0272\KFJM4237.jpg,
,KFJM4238,https://www.noemuseen.at/objekt-detail/catalog/negativform-68171/,"Kaiser Franz Josef Museum Baden, Hochstraße 51, 2500 Baden",,,https://media.noemuseen.at/imdas/Bilder/digs505n/noemuseen/0272/KFJM4238.jpg,Negativform,runde Gipsmodel mit Darstellung eines zapfenförmigen Gebildes mit zwei Flügeln;,,Gips,gegossen;modelliert,,,,1354/2003,CC BY-ND 4.0 - Namensnennung-Keine Bearbeitung,https://datenbank.noemuseen.at/0272,Verein Niederösterreichische Landesfreunde,1,,Kaiser Franz Josef Museum Baden,Verein d. N.Ö. Landesfreunde,Kaiser Franz Josef Museum Baden,\\digs505n\noemuseen\0272\KFJM4238.jpg,
,KFJM4239,https://www.noemuseen.at/objekt-detail/catalog/negativform-68172/,"Kaiser Franz Josef Museum Baden, Hochstraße 51, 2500 Baden",,,https://media.noemuseen.at/imdas/Bilder/digs505n/noemuseen/0272/KFJM4239.jpg,Negativform,runde Gipsmodel mit Darstellung einer floralen Rosette,,Gips,gegossen;modelliert,,,,1355/2003,CC BY-ND 4.0 - Namensnennung-Keine Bearbeitung,https://datenbank.noemuseen.at/0272,Verein Niederösterreichische Landesfreunde,1,,Kaiser Franz Josef Museum Baden,Verein d. N.Ö. Landesfreunde,Kaiser Franz Josef Museum Baden,\\digs505n\noemuseen\0272\KFJM4239.jpg,
,KFJM4240,https://www.noemuseen.at/objekt-detail/catalog/negativform-68173/,"Kaiser Franz Josef Museum Baden, Hochstraße 51, 2500 Baden",,,https://media.noemuseen.at/imdas/Bilder/digs505n/noemuseen/0272/KFJM4240.jpg,Negativform,runde Gipsmodel mit Darstellung eines Blumenbuketts;,,Gips,gegossen;modelliert,,,,1356/2003,CC BY-ND 4.0 - Namensnennung-Keine Bearbeitung,https://datenbank.noemuseen.at/0272,Verein Niederösterreichische Landesfreunde,1,,Kaiser Franz Josef Museum Baden,Verein d. N.Ö. Landesfreunde,Kaiser Franz Josef Museum Baden,\\digs505n\noemuseen\0272\KFJM4240.jpg,
,KFJM4241,https://www.noemuseen.at/objekt-detail/catalog/negativform-68174/,"Kaiser Franz Josef Museum Baden, Hochstraße 51, 2500 Baden",,,https://media.noemuseen.at/imdas/Bilder/digs505n/noemuseen/0272/KFJM4241.jpg,Negativform,runde Gipsmodel mit Darstellung eines Blattkranzes,,Gips,gegossen;modelliert,,,,1357/2003,CC BY-ND 4.0 - Namensnennung-Keine Bearbeitung,https://datenbank.noemuseen.at/0272,Verein Niederösterreichische Landesfreunde,1,,Kaiser Franz Josef Museum Baden,Verein d. N.Ö. Landesfreunde,Kaiser Franz Josef Museum Baden,\\digs505n\noemuseen\0272\KFJM4241.jpg,
,KFJM4242,https://www.noemuseen.at/objekt-detail/catalog/negativform-68175/,"Kaiser Franz Josef Museum Baden, Hochstraße 51, 2500 Baden",,,https://media.noemuseen.at/imdas/Bilder/digs505n/noemuseen/0272/KFJM4242.jpg,Negativform,runde Gipsmodel mit Darstellung einer Blumenrosette,,Gips,gegossen;modelliert,,,,1358/2003,CC BY-ND 4.0 - Namensnennung-Keine Bearbeitung,https://datenbank.noemuseen.at/0272,Verein Niederösterreichische Landesfreunde,1,,Kaiser Franz Josef Museum Baden,Verein d. N.Ö. Landesfreunde,Kaiser Franz Josef Museum Baden,\\digs505n\noemuseen\0272\KFJM4242.jpg,
,KFJM4243,https://www.noemuseen.at/objekt-detail/catalog/negativform-68176/,"Kaiser Franz Josef Museum Baden, Hochstraße 51, 2500 Baden",,,https://media.noemuseen.at/imdas/Bilder/digs505n/noemuseen/0272/KFJM4243.JPG,Negativform,runde Gipsmodel mit Darstellung einer Blumenrosette,,Gips,gegossen;modelliert,,,,1359/2003,CC BY-ND 4.0 - Namensnennung-Keine Bearbeitung,https://datenbank.noemuseen.at/0272,Verein Niederösterreichische Landesfreunde,1,,Kaiser Franz Josef Museum Baden,Verein d. N.Ö. Landesfreunde,Kaiser Franz Josef Museum Baden,\\digs505n\noemuseen\0272\KFJM4243.JPG,
,KFJM4244,,"Kaiser Franz Josef Museum Baden, Hochstraße 51, 2500 Baden",,,https://media.noemuseen.at/imdas/Bilder/digs505n/noemuseen/0272/KFJM4244.JPG,Negativform, runde Gipsmodel mit Darstellung einer Blumenrosette,,Gips,gegossen;modelliert,,,,1360/2003,CC BY-ND 4.0 - Namensnennung-Keine Bearbeitung,https://datenbank.noemuseen.at/0272,Verein Niederösterreichische Landesfreunde,1x,,Kaiser Franz Josef Museum Baden,Verein d. N.Ö. Landesfreunde,Kaiser Franz Josef Museum Baden,\\digs505n\noemuseen\0272\KFJM4244.jpg,
,KFJM4245,https://www.noemuseen.at/objekt-detail/catalog/negativform-68178/,"Kaiser Franz Josef Museum Baden, Hochstraße 51, 2500 Baden",,,https://media.noemuseen.at/imdas/Bilder/digs505n/noemuseen/0272/KFJM4245.jpg,Negativform,rechteckige Gipsmodel mit Darstellung eines Gesichts;,,Gips,gegossen;modelliert,,,,1361/2003,CC BY-ND 4.0 - Namensnennung-Keine Bearbeitung,https://datenbank.noemuseen.at/0272,Verein Niederösterreichische Landesfreunde,1,,Kaiser Franz Josef Museum Baden,Verein d. N.Ö. Landesfreunde,Kaiser Franz Josef Museum Baden,\\digs505n\noemuseen\0272\KFJM4245.jpg,
,KFJM4246,https://www.noemuseen.at/objekt-detail/catalog/negativform-68179/,"Kaiser Franz Josef Museum Baden, Hochstraße 51, 2500 Baden",,,https://media.noemuseen.at/imdas/Bilder/digs505n/noemuseen/0272/KFJM4246.jpg,Negativform,rechteckige Gipsmodel mit Darstellung eines Gesichts;,,Gips,gegossen;modelliert,,,,1362/2003,CC BY-ND 4.0 - Namensnennung-Keine Bearbeitung,https://datenbank.noemuseen.at/0272,Verein Niederösterreichische Landesfreunde,1,,Kaiser Franz Josef Museum Baden,Verein d. N.Ö. Landesfreunde,Kaiser Franz Josef Museum Baden,\\digs505n\noemuseen\0272\KFJM4246.jpg,
,KFJM4247,https://www.noemuseen.at/objekt-detail/catalog/negativform-68180/,"Kaiser Franz Josef Museum Baden, Hochstraße 51, 2500 Baden",,,https://media.noemuseen.at/imdas/Bilder/digs505n/noemuseen/0272/KFJM4247.jpg,Negativform,rechteckige Gipsmodel mit Darstellung eines Gesichts,,Gips,gegossen;modelliert,,,,1363/2003,CC BY-ND 4.0 - Namensnennung-Keine Bearbeitung,https://datenbank.noemuseen.at/0272,Verein Niederösterreichische Landesfreunde,1,,Kaiser Franz Josef Museum Baden,Verein d. N.Ö. Landesfreunde,Kaiser Franz Josef Museum Baden,\\digs505n\noemuseen\0272\KFJM4247.jpg,
,KFJM4248,https://www.noemuseen.at/objekt-detail/catalog/negativform-68181/,"Kaiser Franz Josef Museum Baden, Hochstraße 51, 2500 Baden",,,https://media.noemuseen.at/imdas/Bilder/digs505n/noemuseen/0272/KFJM4248.jpg,Negativform,rechteckige Gipsmodel mit Darstellung eines Gesichts,,Gips,gegossen;modelliert,,,,1364/2003,CC BY-ND 4.0 - Namensnennung-Keine Bearbeitung,https://datenbank.noemuseen.at/0272,Verein Niederösterreichische Landesfreunde,1,,Kaiser Franz Josef Museum Baden,Verein d. N.Ö. Landesfreunde,Kaiser Franz Josef Museum Baden,\\digs505n\noemuseen\0272\KFJM4248.jpg,
,KFJM4249,https://www.noemuseen.at/objekt-detail/catalog/negativform-68182/,"Kaiser Franz Josef Museum Baden, Hochstraße 51, 2500 Baden",,,https://media.noemuseen.at/imdas/Bilder/digs505n/noemuseen/0272/KFJM4249.jpg,Negativform,rechteckige Gipsmodel mit Darstellung eines Gesichts;,,Gips,gegossen;modelliert,,,,1365/2003,CC BY-ND 4.0 - Namensnennung-Keine Bearbeitung,https://datenbank.noemuseen.at/0272,Verein Niederösterreichische Landesfreunde,1,,Kaiser Franz Josef Museum Baden,Verein d. N.Ö. Landesfreunde,Kaiser Franz Josef Museum Baden,\\digs505n\noemuseen\0272\KFJM4249.jpg,
,KFJM4250,https://www.noemuseen.at/objekt-detail/catalog/negativform-68183/,"Kaiser Franz Josef Museum Baden, Hochstraße 51, 2500 Baden",,,https://media.noemuseen.at/imdas/Bilder/digs505n/noemuseen/0272/KFJM4250.jpg,Negativform,rechteckige Gipsmodel mit Darstellung eines Gesichts;,,Gips,gegossen;modelliert,,,,1366/2003,CC BY-ND 4.0 - Namensnennung-Keine Bearbeitung,https://datenbank.noemuseen.at/0272,Verein Niederösterreichische Landesfreunde,1,,Kaiser Franz Josef Museum Baden,Verein d. N.Ö. Landesfreunde,Kaiser Franz Josef Museum Baden,\\digs505n\noemuseen\0272\KFJM4250.jpg,
,KFJM4251,https://www.noemuseen.at/objekt-detail/catalog/negativform-68184/,"Kaiser Franz Josef Museum Baden, Hochstraße 51, 2500 Baden",,,https://media.noemuseen.at/imdas/Bilder/digs505n/noemuseen/0272/KFJM4251.jpg,Negativform,rechteckige Gipsmodel mit Darstellung eines Gesichts;,,Gips,gegossen;modelliert,,,,1367/2003,CC BY-ND 4.0 - Namensnennung-Keine Bearbeitung,https://datenbank.noemuseen.at/0272,Verein Niederösterreichische Landesfreunde,1,,Kaiser Franz Josef Museum Baden,Verein d. N.Ö. Landesfreunde,Kaiser Franz Josef Museum Baden,\\digs505n\noemuseen\0272\KFJM4251.jpg,
,KFJM4252,https://www.noemuseen.at/objekt-detail/catalog/negativform-68185/,"Kaiser Franz Josef Museum Baden, Hochstraße 51, 2500 Baden",,,https://media.noemuseen.at/imdas/Bilder/digs505n/noemuseen/0272/KFJM4252.jpg,Negativform,ovale Gipsmodel mit Darstellung eines Fatschenkindes (Kind in Wickelpolster);,,Gips,gegossen;modelliert,,,,1368/2003,CC BY-ND 4.0 - Namensnennung-Keine Bearbeitung,https://datenbank.noemuseen.at/0272,Verein Niederösterreichische Landesfreunde,1,,Kaiser Franz Josef Museum Baden,Verein d. N.Ö. Landesfreunde,Kaiser Franz Josef Museum Baden,\\digs505n\noemuseen\0272\KFJM4252.jpg,
,KFJM4253,https://www.noemuseen.at/objekt-detail/catalog/negativform-68186/,"Kaiser Franz Josef Museum Baden, Hochstraße 51, 2500 Baden",,,https://media.noemuseen.at/imdas/Bilder/digs505n/noemuseen/0272/KFJM4253.jpg,Negativform,ovale Gipsmodel mit Darstellung einer Blattrosette;,,Gips,gegossen;modelliert,,,,1369/2003,CC BY-ND 4.0 - Namensnennung-Keine Bearbeitung,https://datenbank.noemuseen.at/0272,Verein Niederösterreichische Landesfreunde,1,,Kaiser Franz Josef Museum Baden,Verein d. N.Ö. Landesfreunde,Kaiser Franz Josef Museum Baden,\\digs505n\noemuseen\0272\KFJM4253.jpg,
,KFJM4254,https://www.noemuseen.at/objekt-detail/catalog/negativform-68187/,"Kaiser Franz Josef Museum Baden, Hochstraße 51, 2500 Baden",,,https://media.noemuseen.at/imdas/Bilder/digs505n/noemuseen/0272/KFJM4254.jpg,Negativform,ovale Gipsmodel mit Darstellung eines Vierblattes;,,Gips,gegossen;modelliert,,,,1370/2003,CC BY-ND 4.0 - Namensnennung-Keine Bearbeitung,https://datenbank.noemuseen.at/0272,Verein Niederösterreichische Landesfreunde,1,,Kaiser Franz Josef Museum Baden,Verein d. N.Ö. Landesfreunde,Kaiser Franz Josef Museum Baden,\\digs505n\noemuseen\0272\KFJM4254.jpg,
,KFJM4255,https://www.noemuseen.at/objekt-detail/catalog/negativform-68188/,"Kaiser Franz Josef Museum Baden, Hochstraße 51, 2500 Baden",,,https://media.noemuseen.at/imdas/Bilder/digs505n/noemuseen/0272/KFJM4255.jpg,Negativform,ovale Gipsmodel mit Darstellung eines Herzens umgeben von Ranken;,,Gips,gegossen;modelliert,,,,1371/2003,CC BY-ND 4.0 - Namensnennung-Keine Bearbeitung,https://datenbank.noemuseen.at/0272,Verein Niederösterreichische Landesfreunde,1,,Kaiser Franz Josef Museum Baden,Verein d. N.Ö. Landesfreunde,Kaiser Franz Josef Museum Baden,\\digs505n\noemuseen\0272\KFJM4255.jpg,
,KFJM4256,https://www.noemuseen.at/objekt-detail/catalog/negativform-68189/,"Kaiser Franz Josef Museum Baden, Hochstraße 51, 2500 Baden",,,https://media.noemuseen.at/imdas/Bilder/digs505n/noemuseen/0272/KFJM4256.jpg,Negativform,ovale Gipsmodel mit Darstellung einer griechischen Frauengestalt mit Lyra;,,Gips,gegossen;modelliert,,,,1372/2003,CC BY-ND 4.0 - Namensnennung-Keine Bearbeitung,https://datenbank.noemuseen.at/0272,Verein Niederösterreichische Landesfreunde,1,,Kaiser Franz Josef Museum Baden,Verein d. N.Ö. Landesfreunde,Kaiser Franz Josef Museum Baden,\\digs505n\noemuseen\0272\KFJM4256.jpg,
,KFJM4257,https://www.noemuseen.at/objekt-detail/catalog/negativform-68190/,"Kaiser Franz Josef Museum Baden, Hochstraße 51, 2500 Baden",,,https://media.noemuseen.at/imdas/Bilder/digs505n/noemuseen/0272/KFJM4257.jpg,Negativform,ovale Gipsmodel mit Darstellung einer Blume;,,Gips,gegossen;modelliert,,,,1373/2003,CC BY-ND 4.0 - Namensnennung-Keine Bearbeitung,https://datenbank.noemuseen.at/0272,Verein Niederösterreichische Landesfreunde,1,,Kaiser Franz Josef Museum Baden,Verein d. N.Ö. Landesfreunde,Kaiser Franz Josef Museum Baden,\\digs505n\noemuseen\0272\KFJM4257.jpg,
,KFJM4258a-b,,"Kaiser Franz Josef Museum Baden, Hochstraße 51, 2500 Baden",,,https://media.noemuseen.at/imdas/Bilder/digs505n/noemuseen/0272/KFJM4258a-b.jpg,Negativform,"trapezförmige, zweiteilige Negativform mit Kruzifixdarstellung; auf einer Form 4 Zapfen und auf der anderen dazugehörige Eintiefungen zum Fixieren sowie ein Loch zum Eingießen;",,Gips,gegossen,,,,1374/2003,CC BY-ND 4.0 - Namensnennung-Keine Bearbeitung,https://datenbank.noemuseen.at/0272,Verein Niederösterreichische Landesfreunde,1,,Kaiser Franz Josef Museum Baden,Verein d. N.Ö. Landesfreunde,Kaiser Franz Josef Museum Baden,\\digs505n\noemuseen\0272\KFJM4258a-b.jpg,
,KFJM4259,https://www.noemuseen.at/objekt-detail/catalog/negativform-68192/,"Kaiser Franz Josef Museum Baden, Hochstraße 51, 2500 Baden",,,https://media.noemuseen.at/imdas/Bilder/digs505n/noemuseen/0272/KFJM4259.jpg,Negativform,rechteckige Negativform mit Kruzifixdarstellung und drei Eintiefungen zur Fixierung;,,Gips,gegossen,,,,1375/2003,CC BY-ND 4.0 - Namensnennung-Keine Bearbeitung,https://datenbank.noemuseen.at/0272,Verein Niederösterreichische Landesfreunde,1,,Kaiser Franz Josef Museum Baden,Verein d. N.Ö. Landesfreunde,Kaiser Franz Josef Museum Baden,\\digs505n\noemuseen\0272\KFJM4259.jpg,
,KFJM4260,https://www.noemuseen.at/objekt-detail/catalog/negativform-68193/,"Kaiser Franz Josef Museum Baden, Hochstraße 51, 2500 Baden",,,https://media.noemuseen.at/imdas/Bilder/digs505n/noemuseen/0272/KFJM4260.jpg,Negativform,"rechteckige Negativform mit oben abgerundeten und unten abgeschrägten Ecken, mit Kruzifixdarstellung und drei Eintiefungen zur Fixierung;",,Gips,gegossen,,,,1376/2003,CC BY-ND 4.0 - Namensnennung-Keine Bearbeitung,https://datenbank.noemuseen.at/0272,Verein Niederösterreichische Landesfreunde,1,,Kaiser Franz Josef Museum Baden,Verein d. N.Ö. Landesfreunde,Kaiser Franz Josef Museum Baden,\\digs505n\noemuseen\0272\KFJM4260.jpg,
,KFJM4261a-b,,"Kaiser Franz Josef Museum Baden, Hochstraße 51, 2500 Baden",,,https://media.noemuseen.at/imdas/Bilder/digs505n/noemuseen/0272/KFJM4261a-b.jpg,Negativform,"rechteckige, zweiteilige Negativform mit der Darstellung eines einfachen Kreuzes; an den Rändern 3 Vertiefungen und 3 Zapfen zur Fixierung;",,Gips,gegossen,,,,1377/2003,CC BY-ND 4.0 - Namensnennung-Keine Bearbeitung,https://datenbank.noemuseen.at/0272,Verein Niederösterreichische Landesfreunde,1,,Kaiser Franz Josef Museum Baden,Verein d. N.Ö. Landesfreunde,Kaiser Franz Josef Museum Baden,\\digs505n\noemuseen\0272\KFJM4261a-b.jpg,
,KFJM4262a-b,,"Kaiser Franz Josef Museum Baden, Hochstraße 51, 2500 Baden",,,https://media.noemuseen.at/imdas/Bilder/digs505n/noemuseen/0272/KFJM4262a-b.jpg,Negativform,"rechteckige, zweiteilige Negativform mit der Darstellung eines verzierten Kreuzes; an den Rändern 5 Vertiefungen und 5 Zapfen zur Fixierung;",,Gips,gegossen,,,,1378/2003,CC BY-ND 4.0 - Namensnennung-Keine Bearbeitung,https://datenbank.noemuseen.at/0272,Verein Niederösterreichische Landesfreunde,1,,Kaiser Franz Josef Museum Baden,Verein d. N.Ö. Landesfreunde,Kaiser Franz Josef Museum Baden,\\digs505n\noemuseen\0272\KFJM4262a-b.jpg,
,KFJM4263a-b,,"Kaiser Franz Josef Museum Baden, Hochstraße 51, 2500 Baden",,,https://media.noemuseen.at/imdas/Bilder/digs505n/noemuseen/0272/KFJM4263a-b.jpg,Negativform,"rechteckige, zweiteilige Negativform mit der Darstellung eines verzierten Kreuzes; an den Rändern 4 Vertiefungen und 4 Zapfen zur Fixierung;",,Gips,gegossen,,,,1379/2003,CC BY-ND 4.0 - Namensnennung-Keine Bearbeitung,https://datenbank.noemuseen.at/0272,Verein Niederösterreichische Landesfreunde,1,,Kaiser Franz Josef Museum Baden,Verein d. N.Ö. Landesfreunde,Kaiser Franz Josef Museum Baden,\\digs505n\noemuseen\0272\KFJM4263a-b.jpg,
,KFJM4264a-b,,"Kaiser Franz Josef Museum Baden, Hochstraße 51, 2500 Baden",,,https://media.noemuseen.at/imdas/Bilder/digs505n/noemuseen/0272/KFJM4264a-b.jpg,Negativform,"rechteckige Negativform mit der Darstellung eines Vogels, mit 3 Zapfen und Vertiefungen zur Fixieung sowie einem Eingußloch;",,Gips,gegossen,,,,1380/2003,CC BY-ND 4.0 - Namensnennung-Keine Bearbeitung,https://datenbank.noemuseen.at/0272,Verein Niederösterreichische Landesfreunde,1,,Kaiser Franz Josef Museum Baden,Verein d. N.Ö. Landesfreunde,Kaiser Franz Josef Museum Baden,\\digs505n\noemuseen\0272\KFJM4264a-b.jpg,
,KFJM4265,https://www.noemuseen.at/objekt-detail/catalog/negativform-68198/,"Kaiser Franz Josef Museum Baden, Hochstraße 51, 2500 Baden",,,https://media.noemuseen.at/imdas/Bilder/digs505n/noemuseen/0272/KFJM4265.jpg,Negativform,abgerundet rechteckige Negativform mit Strahlendarstellung;,,Gips,gegossen,,,,1381/2003,CC BY-ND 4.0 - Namensnennung-Keine Bearbeitung,https://datenbank.noemuseen.at/0272,Verein Niederösterreichische Landesfreunde,1,,Kaiser Franz Josef Museum Baden,Verein d. N.Ö. Landesfreunde,Kaiser Franz Josef Museum Baden,\\digs505n\noemuseen\0272\KFJM4265.jpg,
,KFJM4266,https://www.noemuseen.at/objekt-detail/catalog/negativform-68199/,"Kaiser Franz Josef Museum Baden, Hochstraße 51, 2500 Baden",,,https://media.noemuseen.at/imdas/Bilder/digs505n/noemuseen/0272/KFJM4266.jpg,Negativform,trapezförmige Negativform mit floralen Mustern;,,Gips,gegossen,,,,1382/2003,CC BY-ND 4.0 - Namensnennung-Keine Bearbeitung,https://datenbank.noemuseen.at/0272,Verein Niederösterreichische Landesfreunde,1,,Kaiser Franz Josef Museum Baden,Verein d. N.Ö. Landesfreunde,Kaiser Franz Josef Museum Baden,\\digs505n\noemuseen\0272\KFJM4266.jpg,
,KFJM4267,https://www.noemuseen.at/objekt-detail/catalog/negativform-68200/,"Kaiser Franz Josef Museum Baden, Hochstraße 51, 2500 Baden",,,https://media.noemuseen.at/imdas/Bilder/digs505n/noemuseen/0272/KFJM4267.JPG,Negativform,rechteckige Negativform für zwei Arme mit drei Vertiefungen zur Fixierung;,,Gips,gegossen,,,,1383/2003,CC BY-ND 4.0 - Namensnennung-Keine Bearbeitung,https://datenbank.noemuseen.at/0272,Verein Niederösterreichische Landesfreunde,1,,Kaiser Franz Josef Museum Baden,Verein d. N.Ö. Landesfreunde,Kaiser Franz Josef Museum Baden,\\digs505n\noemuseen\0272\KFJM4267.jpg,
,KFJM4271,https://www.noemuseen.at/objekt-detail/catalog/negativform-68204/,"Kaiser Franz Josef Museum Baden, Hochstraße 51, 2500 Baden",,,https://media.noemuseen.at/imdas/Bilder/digs505n/noemuseen/0272/KFJM4271.jpg,Negativform,rundbogenförmige Negativform mit der symmetrischen Abbildung von hängenden Blättern und Früchten;,,Gips,gegossen,,,,1387/2003,CC BY-ND 4.0 - Namensnennung-Keine Bearbeitung,https://datenbank.noemuseen.at/0272,Verein Niederösterreichische Landesfreunde,1,,Kaiser Franz Josef Museum Baden,Verein d. N.Ö. Landesfreunde,Kaiser Franz Josef Museum Baden,\\digs505n\noemuseen\0272\KFJM4271.jpg,
,KFJM4272,https://www.noemuseen.at/objekt-detail/catalog/negativform-68205/,"Kaiser Franz Josef Museum Baden, Hochstraße 51, 2500 Baden",,,https://media.noemuseen.at/imdas/Bilder/digs505n/noemuseen/0272/KFJM4272.jpg,Negativform,spitzbogenförmige Negativform mit regelmäßiger Blattdarstellung;,,Gips,gegossen;modelliert,,,,1388/2003,CC BY-ND 4.0 - Namensnennung-Keine Bearbeitung,https://datenbank.noemuseen.at/0272,Verein Niederösterreichische Landesfreunde,1,,Kaiser Franz Josef Museum Baden,Verein d. N.Ö. Landesfreunde,Kaiser Franz Josef Museum Baden,\\digs505n\noemuseen\0272\KFJM4272.jpg,
,KFJM4273,https://www.noemuseen.at/objekt-detail/catalog/negativform-68206/,"Kaiser Franz Josef Museum Baden, Hochstraße 51, 2500 Baden",,,https://media.noemuseen.at/imdas/Bilder/digs505n/noemuseen/0272/KFJM4273.jpg,Negativform,"rechtecikge Negativform mit einfachem Rankenmotiv, auf der Rückseite die eingeritzten Buchstaben ""J"" und ""G"", sowie die Datierung ""1871"" (?);",,Gips,gegossen;modelliert,1871,,,1389/2003,CC BY-ND 4.0 - Namensnennung-Keine Bearbeitung,https://datenbank.noemuseen.at/0272,Verein Niederösterreichische Landesfreunde,1,,Kaiser Franz Josef Museum Baden,Verein d. N.Ö. Landesfreunde,Kaiser Franz Josef Museum Baden,\\digs505n\noemuseen\0272\KFJM4273.jpg,
,KFJM4274,https://www.noemuseen.at/objekt-detail/catalog/negativform-68207/,"Kaiser Franz Josef Museum Baden, Hochstraße 51, 2500 Baden",,,https://media.noemuseen.at/imdas/Bilder/digs505n/noemuseen/0272/KFJM4274.jpg,Negativform,"bogenförmige Negativform mit Rankenmotiven; auf der Rückseite die eingeritzten Buchstaben ""j.G."", sowie ""N.37."";",,Gips,gegossen;modelliert,,,,1390/2003,CC BY-ND 4.0 - Namensnennung-Keine Bearbeitung,https://datenbank.noemuseen.at/0272,Verein Niederösterreichische Landesfreunde,1,,Kaiser Franz Josef Museum Baden,Verein d. N.Ö. Landesfreunde,Kaiser Franz Josef Museum Baden,\\digs505n\noemuseen\0272\KFJM4274.jpg,
,KFJM4275,,"Kaiser Franz Josef Museum Baden, Hochstraße 51, 2500 Baden",,,https://media.noemuseen.at/imdas/Bilder/digs505n/noemuseen/0272/KFJM4275.JPG,Negativform,rechteckige Negativform mit symmetrischen Blüten- und Blattmotiven;,,Gips,gegossen;modelliert,,,,1391/2003,CC BY-ND 4.0 - Namensnennung-Keine Bearbeitung,https://datenbank.noemuseen.at/0272,Verein Niederösterreichische Landesfreunde,1x,,Kaiser Franz Josef Museum Baden,Verein d. N.Ö. Landesfreunde,Kaiser Franz Josef Museum Baden,\\digs505n\noemuseen\0272\KFJM4275.jpg,
,KFJM4276,https://www.noemuseen.at/objekt-detail/catalog/negativform-68209/,"Kaiser Franz Josef Museum Baden, Hochstraße 51, 2500 Baden",,,https://media.noemuseen.at/imdas/Bilder/digs505n/noemuseen/0272/KFJM4276.jpg,Negativform,"kleine, rechteckige Negativform mit bogenförmigem Blattmotiv;",,Gips,gegossen;modelliert,,,,1392/2003,CC BY-ND 4.0 - Namensnennung-Keine Bearbeitung,https://datenbank.noemuseen.at/0272,Verein Niederösterreichische Landesfreunde,1,,Kaiser Franz Josef Museum Baden,Verein d. N.Ö. Landesfreunde,Kaiser Franz Josef Museum Baden,\\digs505n\noemuseen\0272\KFJM4276.jpg,
,KFJM4277,https://www.noemuseen.at/objekt-detail/catalog/negativform-68210/,"Kaiser Franz Josef Museum Baden, Hochstraße 51, 2500 Baden",,,https://media.noemuseen.at/imdas/Bilder/digs505n/noemuseen/0272/KFJM4277.jpg,Negativform,Teil einer rechteckigen Negativform mit stilisierten Efeublattmotiven;,,Gips,gegossen;modelliert,,,,1393/2003,CC BY-ND 4.0 - Namensnennung-Keine Bearbeitung,https://datenbank.noemuseen.at/0272,Verein Niederösterreichische Landesfreunde,1,,Kaiser Franz Josef Museum Baden,Verein d. N.Ö. Landesfreunde,Kaiser Franz Josef Museum Baden,\\digs505n\noemuseen\0272\KFJM4277.jpg,
,KFJM4278,https://www.noemuseen.at/objekt-detail/catalog/negativform-68211/,"Kaiser Franz Josef Museum Baden, Hochstraße 51, 2500 Baden",,,https://media.noemuseen.at/imdas/Bilder/digs505n/noemuseen/0272/KFJM4278.jpg,Negativform,"rechteckige Negativform mit 2 Längsrillen und 2 gegenüberliegenden, symmetrischen Blatt- und Fruchtmotiven;",,Gips,gegossen;modelliert,,,,1394/2003,CC BY-ND 4.0 - Namensnennung-Keine Bearbeitung,https://datenbank.noemuseen.at/0272,Verein Niederösterreichische Landesfreunde,1,,Kaiser Franz Josef Museum Baden,Verein d. N.Ö. Landesfreunde,Kaiser Franz Josef Museum Baden,\\digs505n\noemuseen\0272\KFJM4278.jpg,
,KFJM4279,https://www.noemuseen.at/objekt-detail/catalog/negativform-68212/,"Kaiser Franz Josef Museum Baden, Hochstraße 51, 2500 Baden",,,https://media.noemuseen.at/imdas/Bilder/digs505n/noemuseen/0272/KFJM4279.jpg,Negativform,"schmale, rechteckige Negativform mit Perlenbandmotiv;",,Gips,gegossen;modelliert,,,,1395/2003,CC BY-ND 4.0 - Namensnennung-Keine Bearbeitung,https://datenbank.noemuseen.at/0272,Verein Niederösterreichische Landesfreunde,1,,Kaiser Franz Josef Museum Baden,Verein d. N.Ö. Landesfreunde,Kaiser Franz Josef Museum Baden,\\digs505n\noemuseen\0272\KFJM4279.jpg,
,KFJM4280,https://www.noemuseen.at/objekt-detail/catalog/kachelmodel-68213/,"Kaiser Franz Josef Museum Baden, Hochstraße 51, 2500 Baden",,,https://media.noemuseen.at/imdas/Bilder/digs505n/noemuseen/0272/KFJM4280.jpg,Kachelmodel,quadratische Negativform (Kachelmodel?) mit Löwenkopfmotiv und gerilltem Rand;,,Gips,gegossen;modelliert,,,,1396/2003,CC BY-ND 4.0 - Namensnennung-Keine Bearbeitung,https://datenbank.noemuseen.at/0272,Verein Niederösterreichische Landesfreunde,1,,Kaiser Franz Josef Museum Baden,Verein d. N.Ö. Landesfreunde,Kaiser Franz Josef Museum Baden,\\digs505n\noemuseen\0272\KFJM4280.jpg,
,KFJM4281,https://www.noemuseen.at/objekt-detail/catalog/negativform-68214/,"Kaiser Franz Josef Museum Baden, Hochstraße 51, 2500 Baden",,,https://media.noemuseen.at/imdas/Bilder/digs505n/noemuseen/0272/KFJM4281.jpg,Negativform,"rautenförmige Negativform mit floralem Motiv, seitlich eingeritzt ""II."";",,Gips,gegossen;modelliert,,,,1397/2003,CC BY-ND 4.0 - Namensnennung-Keine Bearbeitung,https://datenbank.noemuseen.at/0272,Verein Niederösterreichische Landesfreunde,1,,Kaiser Franz Josef Museum Baden,Verein d. N.Ö. Landesfreunde,Kaiser Franz Josef Museum Baden,\\digs505n\noemuseen\0272\KFJM4281.jpg,
,KFJM4282,https://www.noemuseen.at/objekt-detail/catalog/negativform-68215/,"Kaiser Franz Josef Museum Baden, Hochstraße 51, 2500 Baden",,,https://media.noemuseen.at/imdas/Bilder/digs505n/noemuseen/0272/KFJM4282.jpg,Negativform,"rechteckige Negativform mit flachem Blattmotiv und abschließender, tiefer, herzförmiger Ausnehmung;",,Gips,gegossen;modelliert,,,,1398/2003,CC BY-ND 4.0 - Namensnennung-Keine Bearbeitung,https://datenbank.noemuseen.at/0272,Verein Niederösterreichische Landesfreunde,1,,Kaiser Franz Josef Museum Baden,Verein d. N.Ö. Landesfreunde,Kaiser Franz Josef Museum Baden,\\digs505n\noemuseen\0272\KFJM4282.jpg,
,KFJM4283,https://www.noemuseen.at/objekt-detail/catalog/negativform-68216/,"Kaiser Franz Josef Museum Baden, Hochstraße 51, 2500 Baden",,,https://media.noemuseen.at/imdas/Bilder/digs505n/noemuseen/0272/KFJM4283.jpg,Negativform,"dreieckige Negativform mit bogenförmigem Blumenmotiv, das an den unteren Enden in Spiralen mündet;",,Gips,gegossen;modelliert,,,,1399/2003,CC BY-ND 4.0 - Namensnennung-Keine Bearbeitung,https://datenbank.noemuseen.at/0272,Verein Niederösterreichische Landesfreunde,1,,Kaiser Franz Josef Museum Baden,Verein d. N.Ö. Landesfreunde,Kaiser Franz Josef Museum Baden,\\digs505n\noemuseen\0272\KFJM4283.jpg,
,KFJM4284,https://www.noemuseen.at/objekt-detail/catalog/negativform-68217/,"Kaiser Franz Josef Museum Baden, Hochstraße 51, 2500 Baden",,,https://media.noemuseen.at/imdas/Bilder/digs505n/noemuseen/0272/KFJM4284.jpg,Negativform,"herzförmige Negativform mit Herzmotiv, durchkreuzt von Speer und Szepter(?);",,Gips,gegossen;modelliert,,,,1400/2003,CC BY-ND 4.0 - Namensnennung-Keine Bearbeitung,https://datenbank.noemuseen.at/0272,Verein Niederösterreichische Landesfreunde,1,,Kaiser Franz Josef Museum Baden,Verein d. N.Ö. Landesfreunde,Kaiser Franz Josef Museum Baden,\\digs505n\noemuseen\0272\KFJM4284.jpg,
,KFJM4285,https://www.noemuseen.at/objekt-detail/catalog/negativform-68218/,"Kaiser Franz Josef Museum Baden, Hochstraße 51, 2500 Baden",,,https://media.noemuseen.at/imdas/Bilder/digs505n/noemuseen/0272/KFJM4285.jpg,Negativform,"rechteckige Negativform mit reichhaltiger, zusammenhängender Musterung: Stern, zwei Räder, Herz - und Blattmotive;",,Gips,gegossen;modelliert,,,,1401/2003,CC BY-ND 4.0 - Namensnennung-Keine Bearbeitung,https://datenbank.noemuseen.at/0272,Verein Niederösterreichische Landesfreunde,1,,Kaiser Franz Josef Museum Baden,Verein d. N.Ö. Landesfreunde,Kaiser Franz Josef Museum Baden,\\digs505n\noemuseen\0272\KFJM4285.jpg,
,KFJM4286,https://www.noemuseen.at/objekt-detail/catalog/negativform-68219/,"Kaiser Franz Josef Museum Baden, Hochstraße 51, 2500 Baden",,,https://media.noemuseen.at/imdas/Bilder/digs505n/noemuseen/0272/KFJM4286.jpg,Negativform,"an den Ecken abgeflachte, rautenförmige Negativform mit dem Motiv eines in einer verzierten  Schale brennenden Feuers;",,Gips,gegossen;modelliert,,,,1402/2003,CC BY-ND 4.0 - Namensnennung-Keine Bearbeitung,https://datenbank.noemuseen.at/0272,Verein Niederösterreichische Landesfreunde,1,,Kaiser Franz Josef Museum Baden,Verein d. N.Ö. Landesfreunde,Kaiser Franz Josef Museum Baden,\\digs505n\noemuseen\0272\KFJM4286.jpg,
,KFJM4287,https://www.noemuseen.at/objekt-detail/catalog/negativform-68220/,"Kaiser Franz Josef Museum Baden, Hochstraße 51, 2500 Baden",,,https://media.noemuseen.at/imdas/Bilder/digs505n/noemuseen/0272/KFJM4287.jpg,Negativform,"quadratische Negativform mit gegenüberliegenden, symmetrischen Blattmotiven;",,Gips,gegossen;modelliert,,,,1403/2003,CC BY-ND 4.0 - Namensnennung-Keine Bearbeitung,https://datenbank.noemuseen.at/0272,Verein Niederösterreichische Landesfreunde,1,,Kaiser Franz Josef Museum Baden,Verein d. N.Ö. Landesfreunde,Kaiser Franz Josef Museum Baden,\\digs505n\noemuseen\0272\KFJM4287.jpg,
,KFJM4289,https://www.noemuseen.at/objekt-detail/catalog/negativform-68222/,"Kaiser Franz Josef Museum Baden, Hochstraße 51, 2500 Baden",,,https://media.noemuseen.at/imdas/Bilder/digs505n/noemuseen/0272/KFJM4289.jpg,Negativform,quadratische Negativform mit Schleifenmotiv;,,Gips,gegossen;modelliert,,,,1405/2003,CC BY-ND 4.0 - Namensnennung-Keine Bearbeitung,https://datenbank.noemuseen.at/0272,Verein Niederösterreichische Landesfreunde,1,,Kaiser Franz Josef Museum Baden,Verein d. N.Ö. Landesfreunde,Kaiser Franz Josef Museum Baden,\\digs505n\noemuseen\0272\KFJM4289.jpg,
,KFJM4291,https://www.noemuseen.at/objekt-detail/catalog/negativform-68224/,"Kaiser Franz Josef Museum Baden, Hochstraße 51, 2500 Baden",,,https://media.noemuseen.at/imdas/Bilder/digs505n/noemuseen/0272/KFJM4291.jpg,Negativform,quadtratische Negativform mit fein gemustertem Ringmotiv;,,Gips,gegossen;modelliert,,,,1407/2003,CC BY-ND 4.0 - Namensnennung-Keine Bearbeitung,https://datenbank.noemuseen.at/0272,Verein Niederösterreichische Landesfreunde,1,,Kaiser Franz Josef Museum Baden,Verein d. N.Ö. Landesfreunde,Kaiser Franz Josef Museum Baden,\\digs505n\noemuseen\0272\KFJM4291.jpg,
,KFJM4292,https://www.noemuseen.at/objekt-detail/catalog/negativform-68225/,"Kaiser Franz Josef Museum Baden, Hochstraße 51, 2500 Baden",,,https://media.noemuseen.at/imdas/Bilder/digs505n/noemuseen/0272/KFJM4292.jpg,Negativform,rundbogenförmige Negativform aus Ton in Gipsmantel mit Darstellungen von 3 verschieden großen Blättern: zwei mit gezacktem und eines mit glattem Rand;,,Gips;Keramik/Ton,gegossen;modelliert,,,,1408/2003,CC BY-ND 4.0 - Namensnennung-Keine Bearbeitung,https://datenbank.noemuseen.at/0272,Verein Niederösterreichische Landesfreunde,1,,Kaiser Franz Josef Museum Baden,Verein d. N.Ö. Landesfreunde,Kaiser Franz Josef Museum Baden,\\digs505n\noemuseen\0272\KFJM4292.jpg,
,KFJM4295,https://www.noemuseen.at/objekt-detail/catalog/negativform-68228/,"Kaiser Franz Josef Museum Baden, Hochstraße 51, 2500 Baden",,,https://media.noemuseen.at/imdas/Bilder/digs505n/noemuseen/0272/KFJM4295.jpg,Negativform,rechteckige Negativform mit feinen Blatt- und Fruchtmotiven;,,Gips,gegossen;modelliert,,,,1411/2003,CC BY-ND 4.0 - Namensnennung-Keine Bearbeitung,https://datenbank.noemuseen.at/0272,Verein Niederösterreichische Landesfreunde,1,,Kaiser Franz Josef Museum Baden,Verein d. N.Ö. Landesfreunde,Kaiser Franz Josef Museum Baden,\\digs505n\noemuseen\0272\KFJM4295.jpg,
,KFJM4296,https://www.noemuseen.at/objekt-detail/catalog/negativform-68229/,"Kaiser Franz Josef Museum Baden, Hochstraße 51, 2500 Baden",,,https://media.noemuseen.at/imdas/Bilder/digs505n/noemuseen/0272/KFJM4296.jpg,Negativform,sichelförmige Negativform mit feinen Rosenmotiven;,,Gips,gegossen;modelliert,,,,1412/2003,CC BY-ND 4.0 - Namensnennung-Keine Bearbeitung,https://datenbank.noemuseen.at/0272,Verein Niederösterreichische Landesfreunde,1,,Kaiser Franz Josef Museum Baden,Verein d. N.Ö. Landesfreunde,Kaiser Franz Josef Museum Baden,\\digs505n\noemuseen\0272\KFJM4296.jpg,
,KFJM4297,https://www.noemuseen.at/objekt-detail/catalog/negativform-68230/,"Kaiser Franz Josef Museum Baden, Hochstraße 51, 2500 Baden",,,https://media.noemuseen.at/imdas/Bilder/digs505n/noemuseen/0272/KFJM4297.jpg,Negativform,rundbogenförmige Negativform mit dem Motiv einer Frauengestalt mit erhobenem Arm und wallendem Gewand (tanzend);,,Gips,gegossen;modelliert,,,,1413/2003,CC BY-ND 4.0 - Namensnennung-Keine Bearbeitung,https://datenbank.noemuseen.at/0272,Verein Niederösterreichische Landesfreunde,1,,Kaiser Franz Josef Museum Baden,Verein d. N.Ö. Landesfreunde,Kaiser Franz Josef Museum Baden,\\digs505n\noemuseen\0272\KFJM4297.jpg,
,KFJM4298,https://www.noemuseen.at/objekt-detail/catalog/negativform-68231/,"Kaiser Franz Josef Museum Baden, Hochstraße 51, 2500 Baden",,,https://media.noemuseen.at/imdas/Bilder/digs505n/noemuseen/0272/KFJM4298.jpg,Negativform,sich nach oben verjüngende Negativform mit stark stilisiertem Marienmotiv (?) mit Feuerkrone;,,Gips,gegossen;modelliert,,,,1414/2003,CC BY-ND 4.0 - Namensnennung-Keine Bearbeitung,https://datenbank.noemuseen.at/0272,Verein Niederösterreichische Landesfreunde,1,,Kaiser Franz Josef Museum Baden,Verein d. N.Ö. Landesfreunde,Kaiser Franz Josef Museum Baden,\\digs505n\noemuseen\0272\KFJM4298.jpg,
,KFJM4299,https://www.noemuseen.at/objekt-detail/catalog/negativform-68232/,"Kaiser Franz Josef Museum Baden, Hochstraße 51, 2500 Baden",,,https://media.noemuseen.at/imdas/Bilder/digs505n/noemuseen/0272/KFJM4299.jpg,Negativform,abgerundete Negativform mit großem Rocaille-Muster und einer Blume;,,Gips,gegossen;modelliert,,,,1415/2003,CC BY-ND 4.0 - Namensnennung-Keine Bearbeitung,https://datenbank.noemuseen.at/0272,Verein Niederösterreichische Landesfreunde,1,,Kaiser Franz Josef Museum Baden,Verein d. N.Ö. Landesfreunde,Kaiser Franz Josef Museum Baden,\\digs505n\noemuseen\0272\KFJM4299.jpg,
,KFJM4300,https://www.noemuseen.at/objekt-detail/catalog/negativform-68233/,"Kaiser Franz Josef Museum Baden, Hochstraße 51, 2500 Baden",,,https://media.noemuseen.at/imdas/Bilder/digs505n/noemuseen/0272/KFJM4300.jpg,Negativform,rechteckige Negativform mit Pflanzenrankenmotiv auf Stab;,,Gips,gegossen;modelliert,,,,1416/2003,CC BY-ND 4.0 - Namensnennung-Keine Bearbeitung,https://datenbank.noemuseen.at/0272,Verein Niederösterreichische Landesfreunde,1,,Kaiser Franz Josef Museum Baden,Verein d. N.Ö. Landesfreunde,Kaiser Franz Josef Museum Baden,\\digs505n\noemuseen\0272\KFJM4300.jpg,
,KFJM4301,https://www.noemuseen.at/objekt-detail/catalog/negativform-68234/,"Kaiser Franz Josef Museum Baden, Hochstraße 51, 2500 Baden",,,https://media.noemuseen.at/imdas/Bilder/digs505n/noemuseen/0272/KFJM4301.jpg,Negativform,rundbogenförmige Negativform mit stilisierten Blütenranken;,,Gips,gegossen;modelliert,,,,1417/2003,CC BY-ND 4.0 - Namensnennung-Keine Bearbeitung,https://datenbank.noemuseen.at/0272,Verein Niederösterreichische Landesfreunde,1,,Kaiser Franz Josef Museum Baden,Verein d. N.Ö. Landesfreunde,Kaiser Franz Josef Museum Baden,\\digs505n\noemuseen\0272\KFJM4301.jpg,
,KFJM4302,https://www.noemuseen.at/objekt-detail/catalog/negativform-68235/,"Kaiser Franz Josef Museum Baden, Hochstraße 51, 2500 Baden",,,https://media.noemuseen.at/imdas/Bilder/digs505n/noemuseen/0272/KFJM4302.jpg,Negativform,rechteckige Negativform mit einfacher Längsrille;,,Gips,gegossen;modelliert,,,,1419/2003,CC BY-ND 4.0 - Namensnennung-Keine Bearbeitung,https://datenbank.noemuseen.at/0272,Verein Niederösterreichische Landesfreunde,1,,Kaiser Franz Josef Museum Baden,Verein d. N.Ö. Landesfreunde,Kaiser Franz Josef Museum Baden,\\digs505n\noemuseen\0272\KFJM4302.jpg,
,KFJM4303,https://www.noemuseen.at/objekt-detail/catalog/negativform-68336/,"Kaiser Franz Josef Museum Baden, Hochstraße 51, 2500 Baden",,,https://media.noemuseen.at/imdas/Bilder/digs505n/noemuseen/0272/KFJM4303.jpg,Negativform,"große, annähernd rundbogenförmige Negativform mit der Darstellung einer weiblichen Gestalt (Venus?) und stehendem kleinem Amor (?) mit Pfeil und Bogen;",,Gips,gegossen;modelliert,,,,1418/2003,CC BY-ND 4.0 - Namensnennung-Keine Bearbeitung,https://datenbank.noemuseen.at/0272,Verein Niederösterreichische Landesfreunde,1,,Kaiser Franz Josef Museum Baden,Verein d. N.Ö. Landesfreunde,Kaiser Franz Josef Museum Baden,\\digs505n\noemuseen\0272\KFJM4303.jpg,
,KFJM4304a-b,https://www.noemuseen.at/objekt-detail/catalog/negativform-68237/,"Kaiser Franz Josef Museum Baden, Hochstraße 51, 2500 Baden",,,https://media.noemuseen.at/imdas/Bilder/digs505n/noemuseen/0272/KFJM4304a-b.jpg,Negativform,"zweiteilige, rechteckige Negativform (Gußform) mit der Darstellung einer Männerfigur mit Leibrock; fußseitiges Eingußloch sowie Kerben und Zapfen zur Fixierung;",,Gips,gegossen;modelliert,,,,1420/2003,CC BY-ND 4.0 - Namensnennung-Keine Bearbeitung,https://datenbank.noemuseen.at/0272,Verein Niederösterreichische Landesfreunde,1,,Kaiser Franz Josef Museum Baden,Verein d. N.Ö. Landesfreunde,Kaiser Franz Josef Museum Baden,\\digs505n\noemuseen\0272\KFJM4304a-b.jpg,
,KFJM4305a-b,https://www.noemuseen.at/objekt-detail/catalog/negativform-68238/,"Kaiser Franz Josef Museum Baden, Hochstraße 51, 2500 Baden",,,https://media.noemuseen.at/imdas/Bilder/digs505n/noemuseen/0272/KFJM4305a-b.jpg,Negativform,"zweiteilige, rechteckige Negativform (Gußform) mit der Darstellung einer Frauenfigur; fußseitiges Eingußloch sowie Kerben und Zapfen zur Fixierung;",,Gips,gegossen;modelliert,,,,1421/2003,CC BY-ND 4.0 - Namensnennung-Keine Bearbeitung,https://datenbank.noemuseen.at/0272,Verein Niederösterreichische Landesfreunde,1,,Kaiser Franz Josef Museum Baden,Verein d. N.Ö. Landesfreunde,Kaiser Franz Josef Museum Baden,\\digs505n\noemuseen\0272\KFJM4305a-b.jpg,
,KFJM4317,https://www.noemuseen.at/objekt-detail/catalog/negativform-68250/,"Kaiser Franz Josef Museum Baden, Hochstraße 51, 2500 Baden",,,"https://media.noemuseen.at/imdas/Bilder/digs505n/noemuseen/0272/KFJM4317a.JPG
https://media.noemuseen.at/imdas/Bilder/digs505n/noemuseen/0272/KFJM4317b.JPG",Negativform,hausförmige Negativform mit doppeltem Blattmotiv; auf der Rückseite bogenförmige Rille;,,Gips,gegossen,,,,1433/2003,CC BY-ND 4.0 - Namensnennung-Keine Bearbeitung,https://datenbank.noemuseen.at/0272,Verein Niederösterreichische Landesfreunde,1,,Kaiser Franz Josef Museum Baden,Verein d. N.Ö. Landesfreunde,Kaiser Franz Josef Museum Baden,\\digs505n\noemuseen\0272\KFJM4317a.JPG;\\digs505n\noemuseen\0272\KFJM4317b.JPG,
,KFJM4353,https://www.noemuseen.at/objekt-detail/catalog/negativform-68286/,"Kaiser Franz Josef Museum Baden, Hochstraße 51, 2500 Baden",,,https://media.noemuseen.at/imdas/Bilder/digs505n/noemuseen/0272/KFJM4353.JPG,Negativform,"in einen Gipsquader ist eine Negativform aus einem härteren, grünlichen Material in Form einer Schale/Pokals eingegossen;",,Gips,gegossen,,,,1498/2003,CC BY-ND 4.0 - Namensnennung-Keine Bearbeitung,https://datenbank.noemuseen.at/0272,Verein Niederösterreichische Landesfreunde,1,,Kaiser Franz Josef Museum Baden,Verein d. N.Ö. Landesfreunde,Kaiser Franz Josef Museum Baden,\\digs505n\noemuseen\0272\KFJM4353.JPG,
,KFJM4360,https://www.noemuseen.at/objekt-detail/catalog/negativform-68293/,"Kaiser Franz Josef Museum Baden, Hochstraße 51, 2500 Baden",,,https://media.noemuseen.at/imdas/Bilder/digs505n/noemuseen/0272/KFJM4360.JPG,Negativform,runde Negativform für ein bärtiges Männergesicht;,,Gips,gegossen,,,,1505/2003,CC BY-ND 4.0 - Namensnennung-Keine Bearbeitung,https://datenbank.noemuseen.at/0272,Verein Niederösterreichische Landesfreunde,1,,Kaiser Franz Josef Museum Baden,Verein d. N.Ö. Landesfreunde,Kaiser Franz Josef Museum Baden,\\digs505n\noemuseen\0272\KFJM4360.JPG,
,KFJM4361,https://www.noemuseen.at/objekt-detail/catalog/negativform-68294/,"Kaiser Franz Josef Museum Baden, Hochstraße 51, 2500 Baden",,,https://media.noemuseen.at/imdas/Bilder/digs505n/noemuseen/0272/KFJM4361.JPG,Negativform,"Negativform für vierfaches, verschlungenes Herz- und Lilienmuster;",,Gips,gegossen,,,,1506/2003,CC BY-ND 4.0 - Namensnennung-Keine Bearbeitung,https://datenbank.noemuseen.at/0272,Verein Niederösterreichische Landesfreunde,1,,Kaiser Franz Josef Museum Baden,Verein d. N.Ö. Landesfreunde,Kaiser Franz Josef Museum Baden,\\digs505n\noemuseen\0272\KFJM4361.JPG,
,KFJM4362,,"Kaiser Franz Josef Museum Baden, Hochstraße 51, 2500 Baden",,,https://media.noemuseen.at/imdas/Bilder/digs505n/noemuseen/0272/KFJM4362.JPG,Negativform,ovale Negativform für ein verschlungenes Rankenmotiv;,,Gips,gegossen,,,,1507/2003,CC BY-ND 4.0 - Namensnennung-Keine Bearbeitung,https://datenbank.noemuseen.at/0272,Verein Niederösterreichische Landesfreunde,1x,,Kaiser Franz Josef Museum Baden,Verein d. N.Ö. Landesfreunde,Kaiser Franz Josef Museum Baden,\\digs505n\noemuseen\0272\KFJM4362.JPG,
,KFJM4363,https://www.noemuseen.at/objekt-detail/catalog/negativform-68296/,"Kaiser Franz Josef Museum Baden, Hochstraße 51, 2500 Baden",,,https://media.noemuseen.at/imdas/Bilder/digs505n/noemuseen/0272/KFJM4363.JPG,Negativform,spitzbogenförmige Negativform für ein Pokalmotiv mit drei Blättern;,,Gips,gegossen,,,,1508/2003,CC BY-ND 4.0 - Namensnennung-Keine Bearbeitung,https://datenbank.noemuseen.at/0272,Verein Niederösterreichische Landesfreunde,1,,Kaiser Franz Josef Museum Baden,Verein d. N.Ö. Landesfreunde,Kaiser Franz Josef Museum Baden,\\digs505n\noemuseen\0272\KFJM4363.JPG,
,KFJM4364,https://www.noemuseen.at/objekt-detail/catalog/negativform-68297/,"Kaiser Franz Josef Museum Baden, Hochstraße 51, 2500 Baden",,,https://media.noemuseen.at/imdas/Bilder/digs505n/noemuseen/0272/KFJM4364.JPG,Negativform,"ovale Negativform für symmetrisches Motiv: durch eine, von Blättern unterbrochene Achse verbundene Blumenräder (Türklopfermotiv?); Einritzung auf der Rückseite: ""J.P. 1870"" und weiteres Kürzel;",,Gips,gegossen,1870,,,1509/2003,CC BY-ND 4.0 - Namensnennung-Keine Bearbeitung,https://datenbank.noemuseen.at/0272,Verein Niederösterreichische Landesfreunde,1,,Kaiser Franz Josef Museum Baden,Verein d. N.Ö. Landesfreunde,Kaiser Franz Josef Museum Baden,\\digs505n\noemuseen\0272\KFJM4364.JPG,
,KFJM4365,https://www.noemuseen.at/objekt-detail/catalog/negativform-68298/,"Kaiser Franz Josef Museum Baden, Hochstraße 51, 2500 Baden",,,https://media.noemuseen.at/imdas/Bilder/digs505n/noemuseen/0272/KFJM4365.JPG,Negativform,"längliche Negativform für einen Eichenzweig mit zwei Eicheln; auf der Seite eingeprägt: ""I"";",,Gips,gegossen,,,,1510/2003,CC BY-ND 4.0 - Namensnennung-Keine Bearbeitung,https://datenbank.noemuseen.at/0272,Verein Niederösterreichische Landesfreunde,1,,Kaiser Franz Josef Museum Baden,Verein d. N.Ö. Landesfreunde,Kaiser Franz Josef Museum Baden,\\digs505n\noemuseen\0272\KFJM4365.JPG,
,KFJM4366,https://www.noemuseen.at/objekt-detail/catalog/negativform-68299/,"Kaiser Franz Josef Museum Baden, Hochstraße 51, 2500 Baden",,,https://media.noemuseen.at/imdas/Bilder/digs505n/noemuseen/0272/KFJM4366.JPG,Negativform,tropfenförmige Negativorm für ein feines Perlenleistenmotiv in Herzform mit Blatt- und Fruchtornamenten;,,Gips,gegossen,,,,1511/2003,CC BY-ND 4.0 - Namensnennung-Keine Bearbeitung,https://datenbank.noemuseen.at/0272,Verein Niederösterreichische Landesfreunde,1,,Kaiser Franz Josef Museum Baden,Verein d. N.Ö. Landesfreunde,Kaiser Franz Josef Museum Baden,\\digs505n\noemuseen\0272\KFJM4366.JPG,
,KFJM4367,https://www.noemuseen.at/objekt-detail/catalog/negativform-68300/,"Kaiser Franz Josef Museum Baden, Hochstraße 51, 2500 Baden",,,https://media.noemuseen.at/imdas/Bilder/digs505n/noemuseen/0272/KFJM4367.JPG,Negativform,rundlich dreieckige Negativorm mit Pflanzen- und Rankenmuster;,,Gips,gegossen,,,,1512/2003,CC BY-ND 4.0 - Namensnennung-Keine Bearbeitung,https://datenbank.noemuseen.at/0272,Verein Niederösterreichische Landesfreunde,1,,Kaiser Franz Josef Museum Baden,Verein d. N.Ö. Landesfreunde,Kaiser Franz Josef Museum Baden,\\digs505n\noemuseen\0272\KFJM4367.JPG,
,KFJM4368,https://www.noemuseen.at/objekt-detail/catalog/negativform-68301/,"Kaiser Franz Josef Museum Baden, Hochstraße 51, 2500 Baden",,,https://media.noemuseen.at/imdas/Bilder/digs505n/noemuseen/0272/KFJM4368.JPG,Negativform,"spitzbogenförmige Negativorm für ein  Rankenmotiv mit aufgesetztem Blatt; auf der Rückseite eingeritzt: ""FK 1834"";",,Gips,gegossen,1834,,,1513/2003,CC BY-ND 4.0 - Namensnennung-Keine Bearbeitung,https://datenbank.noemuseen.at/0272,Verein Niederösterreichische Landesfreunde,1,,Kaiser Franz Josef Museum Baden,Verein d. N.Ö. Landesfreunde,Kaiser Franz Josef Museum Baden,\\digs505n\noemuseen\0272\KFJM4368.JPG,
,KFJM4369,https://www.noemuseen.at/objekt-detail/catalog/negativform-68302/,"Kaiser Franz Josef Museum Baden, Hochstraße 51, 2500 Baden",,,https://media.noemuseen.at/imdas/Bilder/digs505n/noemuseen/0272/KFJM4369.JPG,Negativform,tropfenförmige Negativorm für ein Rankenmotiv mit aufgesetztem Blatt;,,Gips,gegossen,,,,1514/2003,CC BY-ND 4.0 - Namensnennung-Keine Bearbeitung,https://datenbank.noemuseen.at/0272,Verein Niederösterreichische Landesfreunde,1,,Kaiser Franz Josef Museum Baden,Verein d. N.Ö. Landesfreunde,Kaiser Franz Josef Museum Baden,\\digs505n\noemuseen\0272\KFJM4369.JPG,
,KFJM4370,https://www.noemuseen.at/objekt-detail/catalog/negativform-68303/,"Kaiser Franz Josef Museum Baden, Hochstraße 51, 2500 Baden",,,https://media.noemuseen.at/imdas/Bilder/digs505n/noemuseen/0272/KFJM4370.JPG,Negativform,"mehrkantige Negativform mit Sternmotiv, darunter spiegelverkehrt eingeritzt ""FB"" und die Zahl ""15"";",,Gips,gegossen,,,,1516/2003,CC BY-ND 4.0 - Namensnennung-Keine Bearbeitung,https://datenbank.noemuseen.at/0272,Verein Niederösterreichische Landesfreunde,1,,Kaiser Franz Josef Museum Baden,Verein d. N.Ö. Landesfreunde,Kaiser Franz Josef Museum Baden,\\digs505n\noemuseen\0272\KFJM4370.JPG,
,KFJM4371,https://www.noemuseen.at/objekt-detail/catalog/kachelmodel-68304/,"Kaiser Franz Josef Museum Baden, Hochstraße 51, 2500 Baden",,,https://media.noemuseen.at/imdas/Bilder/digs505n/noemuseen/0272/KFJM4371.JPG,Kachelmodel,"Model für eine quadratische Kachel mit symmetrischem, floralem Motiv;",,Keramik/Ton,gebrannt;gepresst,,,,1517/2003,CC BY-ND 4.0 - Namensnennung-Keine Bearbeitung,https://datenbank.noemuseen.at/0272,Verein Niederösterreichische Landesfreunde,1,,Kaiser Franz Josef Museum Baden,Verein d. N.Ö. Landesfreunde,Kaiser Franz Josef Museum Baden,\\digs505n\noemuseen\0272\KFJM4371.JPG,
,KFJM4372,https://www.noemuseen.at/objekt-detail/catalog/kachelmodel-68305/,"Kaiser Franz Josef Museum Baden, Hochstraße 51, 2500 Baden",,,https://media.noemuseen.at/imdas/Bilder/digs505n/noemuseen/0272/KFJM4372.JPG,Kachelmodel,"Model für eine rechteckige Kachel: in einem Kreis befindet sich ein stilisiertes Blättermotiv, auf dessen rechter Seite sich ein Anschlußmotiv für die nächste Kachel befindet; auf der Rückseite folgende Einritzungen: ""FK 1811"";",,Keramik/Ton,gebrannt;gepresst,1811,,,1518/2003,CC BY-ND 4.0 - Namensnennung-Keine Bearbeitung,https://datenbank.noemuseen.at/0272,Verein Niederösterreichische Landesfreunde,1,,Kaiser Franz Josef Museum Baden,Verein d. N.Ö. Landesfreunde,Kaiser Franz Josef Museum Baden,\\digs505n\noemuseen\0272\KFJM4372.JPG,
,KFJM4373,https://www.noemuseen.at/objekt-detail/catalog/kachelmodel-68306/,"Kaiser Franz Josef Museum Baden, Hochstraße 51, 2500 Baden",,,https://media.noemuseen.at/imdas/Bilder/digs505n/noemuseen/0272/KFJM4373.JPG,Kachelmodel,Model für einen kapitelförmigen Zierziegel mit stilisiertem Blattmotiv;,,Keramik/Ton,gebrannt;gepresst,,,,1519/2003,CC BY-ND 4.0 - Namensnennung-Keine Bearbeitung,https://datenbank.noemuseen.at/0272,Verein Niederösterreichische Landesfreunde,1,,Kaiser Franz Josef Museum Baden,Verein d. N.Ö. Landesfreunde,Kaiser Franz Josef Museum Baden,\\digs505n\noemuseen\0272\KFJM4373.JPG,
,KFJM4377,https://www.noemuseen.at/objekt-detail/catalog/negativform-68310/,"Kaiser Franz Josef Museum Baden, Hochstraße 51, 2500 Baden",,,https://media.noemuseen.at/imdas/Bilder/digs505n/noemuseen/0272/KFJM4377.JPG,Negativform,rundbogenförmige Negativform für ein symmetrisches Blattmotiv;,,Gips,gegossen,,,,1523/2003,CC BY-ND 4.0 - Namensnennung-Keine Bearbeitung,https://datenbank.noemuseen.at/0272,Verein Niederösterreichische Landesfreunde,1,,Kaiser Franz Josef Museum Baden,Verein d. N.Ö. Landesfreunde,Kaiser Franz Josef Museum Baden,\\digs505n\noemuseen\0272\KFJM4377.JPG,
,KFJM4385a-b,https://www.noemuseen.at/objekt-detail/catalog/negativform-68318/,"Kaiser Franz Josef Museum Baden, Hochstraße 51, 2500 Baden",,,https://media.noemuseen.at/imdas/Bilder/digs505n/noemuseen/0272/KFJM4385a-b.JPG,Negativform,abgerundet rechteckige Negativform mit symmetrischem Ranken- und Schneckenmuster; vermutlich für Stuckarbeiten;,,Gips,gegossen,,,,1531/2003,CC BY-ND 4.0 - Namensnennung-Keine Bearbeitung,https://datenbank.noemuseen.at/0272,Verein Niederösterreichische Landesfreunde,1,,Kaiser Franz Josef Museum Baden,Verein d. N.Ö. Landesfreunde,Kaiser Franz Josef Museum Baden,\\digs505n\noemuseen\0272\KFJM4385a-b.JPG,
,KFJM4386,https://www.noemuseen.at/objekt-detail/catalog/negativform-68319/,"Kaiser Franz Josef Museum Baden, Hochstraße 51, 2500 Baden",,,https://media.noemuseen.at/imdas/Bilder/digs505n/noemuseen/0272/KFJM4386.JPG,Negativform,quaderförmige Negativform für ein Ziermusterband mit Dreiecksmotiven;,,Gips,gegossen,,,,1532/2003,CC BY-ND 4.0 - Namensnennung-Keine Bearbeitung,https://datenbank.noemuseen.at/0272,Verein Niederösterreichische Landesfreunde,1,,Kaiser Franz Josef Museum Baden,Verein d. N.Ö. Landesfreunde,Kaiser Franz Josef Museum Baden,\\digs505n\noemuseen\0272\KFJM4386.JPG,
,KFJM4389,https://www.noemuseen.at/objekt-detail/catalog/negativform-68322/,"Kaiser Franz Josef Museum Baden, Hochstraße 51, 2500 Baden",,,https://media.noemuseen.at/imdas/Bilder/digs505n/noemuseen/0272/KFJM4389.JPG,Negativform,"Fragment einer Negativform für ein Reliefbild mit floralen Elementen; auf diesem Teil befindet sich eine schneckenartig gebogene Ranke, die in einer Blüte endet;",,Gips,gegossen,,,,1535/2003,CC BY-ND 4.0 - Namensnennung-Keine Bearbeitung,https://datenbank.noemuseen.at/0272,Verein Niederösterreichische Landesfreunde,1,,Kaiser Franz Josef Museum Baden,Verein d. N.Ö. Landesfreunde,Kaiser Franz Josef Museum Baden,\\digs505n\noemuseen\0272\KFJM4389.JPG,
,KFJM4392,https://www.noemuseen.at/objekt-detail/catalog/negativform-68325/,"Kaiser Franz Josef Museum Baden, Hochstraße 51, 2500 Baden",,,https://media.noemuseen.at/imdas/Bilder/digs505n/noemuseen/0272/KFJM4392.JPG,Negativform,mehrkantige Negativform für ein Schalenmotiv mit Blumenschmuck; Eingußloch am oberen Ende;,,Gips,gegossen,,,,1538/2003,CC BY-ND 4.0 - Namensnennung-Keine Bearbeitung,https://datenbank.noemuseen.at/0272,Verein Niederösterreichische Landesfreunde,1,,Kaiser Franz Josef Museum Baden,Verein d. N.Ö. Landesfreunde,Kaiser Franz Josef Museum Baden,\\digs505n\noemuseen\0272\KFJM4392.JPG,
,KFJM4393,,"Kaiser Franz Josef Museum Baden, Hochstraße 51, 2500 Baden",,,https://media.noemuseen.at/imdas/Bilder/digs505n/noemuseen/0272/KFJM4393.JPG,Kachel,"dunkelbraun glasierte Eckkachel in schlichter Kapitelform; auf der Oberseite Aufkleber mit der Aufschrift ""Weitersfeld"";",,Keramik/Ton,gebrannt;gepresst;glasiert,,,,1539/2003,CC BY-ND 4.0 - Namensnennung-Keine Bearbeitung,https://datenbank.noemuseen.at/0272,Verein Niederösterreichische Landesfreunde,1x,,Kaiser Franz Josef Museum Baden,Verein d. N.Ö. Landesfreunde,Kaiser Franz Josef Museum Baden,\\digs505n\noemuseen\0272\KFJM4393.JPG,
,KFJM4405a-b,https://www.noemuseen.at/objekt-detail/catalog/negativform-68338/,"Kaiser Franz Josef Museum Baden, Hochstraße 51, 2500 Baden",,,https://media.noemuseen.at/imdas/Bilder/digs505n/noemuseen/0272/KFJM4405a-b.JPG,Negativform,"hausförmige Negativform für die Darstellung einer antik anmutenden, nackten Frauengestalt, die an einer Säule lehnt;",,Gips,gegossen,,,,1551/2003,CC BY-ND 4.0 - Namensnennung-Keine Bearbeitung,https://datenbank.noemuseen.at/0272,Verein Niederösterreichische Landesfreunde,1,,Kaiser Franz Josef Museum Baden,Verein d. N.Ö. Landesfreunde,Kaiser Franz Josef Museum Baden,\\digs505n\noemuseen\0272\KFJM4405a-b.JPG,
,KFJM4407a-b,https://www.noemuseen.at/objekt-detail/catalog/negativform-68340/,"Kaiser Franz Josef Museum Baden, Hochstraße 51, 2500 Baden",,,https://media.noemuseen.at/imdas/Bilder/digs505n/noemuseen/0272/KFJM4407a-b.JPG,Negativform,runde Negativform mit der Darstellung eines antik anmutenden Gesichtes mit aufgebundenem Kopftuch in einem Kreis;,,Gips,gegossen,,,,1553/2003,CC BY-ND 4.0 - Namensnennung-Keine Bearbeitung,https://datenbank.noemuseen.at/0272,Verein Niederösterreichische Landesfreunde,1,,Kaiser Franz Josef Museum Baden,Verein d. N.Ö. Landesfreunde,Kaiser Franz Josef Museum Baden,\\digs505n\noemuseen\0272\KFJM4407a-b.JPG,
,KFJM4408,https://www.noemuseen.at/objekt-detail/catalog/negativform-68341/,"Kaiser Franz Josef Museum Baden, Hochstraße 51, 2500 Baden",,,https://media.noemuseen.at/imdas/Bilder/digs505n/noemuseen/0272/KFJM4408.JPG,Negativform,sichelförmige Negativform für eine gebogene Weinranke (vermutlich für Stuckarbeiten);,,Gips,gegossen,,,,1554/2003,CC BY-ND 4.0 - Namensnennung-Keine Bearbeitung,https://datenbank.noemuseen.at/0272,Verein Niederösterreichische Landesfreunde,1,,Kaiser Franz Josef Museum Baden,Verein d. N.Ö. Landesfreunde,Kaiser Franz Josef Museum Baden,\\digs505n\noemuseen\0272\KFJM4408.JPG,
,KFJM4409,https://www.noemuseen.at/objekt-detail/catalog/negativform-68342/,"Kaiser Franz Josef Museum Baden, Hochstraße 51, 2500 Baden",,,https://media.noemuseen.at/imdas/Bilder/digs505n/noemuseen/0272/KFJM4409.JPG,Negativform,"spitzbogenförmige Negativform für ein stilisiertes, gewelltes Blattmotiv;",,Gips,gegossen,,,,1555/2003,CC BY-ND 4.0 - Namensnennung-Keine Bearbeitung,https://datenbank.noemuseen.at/0272,Verein Niederösterreichische Landesfreunde,1,,Kaiser Franz Josef Museum Baden,Verein d. N.Ö. Landesfreunde,Kaiser Franz Josef Museum Baden,\\digs505n\noemuseen\0272\KFJM4409.JPG,
,KFJM4410,https://www.noemuseen.at/objekt-detail/catalog/negativform-68343/,"Kaiser Franz Josef Museum Baden, Hochstraße 51, 2500 Baden",,,https://media.noemuseen.at/imdas/Bilder/digs505n/noemuseen/0272/KFJM4410.JPG,Negativform,rechteckige Negativform für ein Perlenreihenmotiv (für Stuckarbeiten);,,Gips,gegossen,,,,1556/2003,CC BY-ND 4.0 - Namensnennung-Keine Bearbeitung,https://datenbank.noemuseen.at/0272,Verein Niederösterreichische Landesfreunde,1,,Kaiser Franz Josef Museum Baden,Verein d. N.Ö. Landesfreunde,Kaiser Franz Josef Museum Baden,\\digs505n\noemuseen\0272\KFJM4410.JPG,
,KFJM4427,,"Kaiser Franz Josef Museum Baden, Hochstraße 51, 2500 Baden",,,https://media.noemuseen.at/imdas/Bilder/digs505n/noemuseen/0272/KFJM4427.JPG,Kachel,"große, glatte, dunkelgrün glasierte Kachel, die mit hellgrüner Glasierung im Schleifenmuster versehen ist; in der oberen Hälfte ist die Zahl ""19."" in dunkelroter Farbe aufgemalt; ",,Keramik/Ton,gebrannt;gepresst;glasiert,,,,1573/2003,CC BY-ND 4.0 - Namensnennung-Keine Bearbeitung,https://datenbank.noemuseen.at/0272,Verein Niederösterreichische Landesfreunde,1x,,Kaiser Franz Josef Museum Baden,Verein d. N.Ö. Landesfreunde,Kaiser Franz Josef Museum Baden,\\digs505n\noemuseen\0272\KFJM4427.JPG,
,KFJM4670,,"Kaiser Franz Josef Museum Baden, Hochstraße 51, 2500 Baden",,,https://media.noemuseen.at/imdas/Bilder/digs505n/noemuseen/0272/KFJM4670.JPG,Kachel,"flache, scheibenförmige Kachel mit grünlich gesprenkelter Oberflächenglasur und leicht abgeschrägtem Rand; ",,Keramik/Ton,gebrannt;getöpfert;glasiert,,,,1921/2003,CC BY-ND 4.0 - Namensnennung-Keine Bearbeitung,https://datenbank.noemuseen.at/0272,Verein Niederösterreichische Landesfreunde,1x,,Kaiser Franz Josef Museum Baden,Verein d. N.Ö. Landesfreunde,Kaiser Franz Josef Museum Baden,\\digs505n\noemuseen\0272\KFJM4670.JPG,
,KFJM4672,,"Kaiser Franz Josef Museum Baden, Hochstraße 51, 2500 Baden",,,https://media.noemuseen.at/imdas/Bilder/digs505n/noemuseen/0272/KFJM4672.JPG,Kachel,"rechteckige, an der Oberseite hellblau glasierte, kleine Kachel mit leicht reliefartiger, symmetrischer Verzierung; ",,Keramik,gebrannt;getöpfert;glasiert,,,,1923/2003,CC BY-ND 4.0 - Namensnennung-Keine Bearbeitung,https://datenbank.noemuseen.at/0272,Verein Niederösterreichische Landesfreunde,1x,,Kaiser Franz Josef Museum Baden,Verein d. N.Ö. Landesfreunde,Kaiser Franz Josef Museum Baden,\\digs505n\noemuseen\0272\KFJM4672.JPG,
,KFJM4749,https://www.noemuseen.at/objekt-detail/catalog/negativform-68653/,"Kaiser Franz Josef Museum Baden, Hochstraße 51, 2500 Baden",,,https://media.noemuseen.at/imdas/Bilder/digs505n/noemuseen/0272/KFJM4749.JPG,Negativform,"dicke, annähernd quadratische Fußform aus Gips mit etwas abgesetztem Rahmen in den reliefartig die Gußvorlage eingearbeitet ist; Darstellung eines Frauenkopfes im Profil mit Haube in Medaillonform, darum symmetrisch angeordnete florale Zierelemente (Lilien?); seitlich eingeritzt ""17"";",,Gips,gegossen;geritzt,,,,2000/2003,CC BY-ND 4.0 - Namensnennung-Keine Bearbeitung,https://datenbank.noemuseen.at/0272,Verein Niederösterreichische Landesfreunde,1,,Kaiser Franz Josef Museum Baden,Verein d. N.Ö. Landesfreunde,Kaiser Franz Josef Museum Baden,\\digs505n\noemuseen\0272\KFJM4749.JPG,
,KFJM5495,,"Kaiser Franz Josef Museum Baden, Hochstraße 51, 2500 Baden",,,https://media.noemuseen.at/imdas/Bilder/digs505n/noemuseen/0272/KFJM5495.jpg,Kachel,"große, rechteckige Ofenkachel aus Rotton mit einer glatten Oberfläche in die ein einfaches U-förmiges Rankenmotiv eingeritzt ist; die Rückseite weist drei regelmäßige Ausnehmungen auf;",,Keramik/Ton,gebrannt;gepresst;modelliert,,,Schenkung,2945/2003,CC BY-ND 4.0 - Namensnennung-Keine Bearbeitung,https://datenbank.noemuseen.at/0272,Verein Niederösterreichische Landesfreunde,1x,,Kaiser Franz Josef Museum Baden,Verein d. N.Ö. Landesfreunde,Kaiser Franz Josef Museum Baden,\\digs505n\noemuseen\0272\KFJM5495.JPG,
,KFJM5515,,"Kaiser Franz Josef Museum Baden, Hochstraße 51, 2500 Baden",,,https://media.noemuseen.at/imdas/Bilder/digs505n/noemuseen/0272/KFJM5515.JPG,Kachel,"große, in zwei Grüntönen glasierte (rechtwinklige) Eckkachel mit dreieckigem Querschnitt; die Vorderkante der Kachel ist abgeflacht und weist zwei Blütenverzierungen auf; Aufschrift: ""Drosendorf 1906 (...)"";",,Keramik,gebrannt;gepresst;glasiert,,,,2967/2003,CC BY-ND 4.0 - Namensnennung-Keine Bearbeitung,https://datenbank.noemuseen.at/0272,Verein Niederösterreichische Landesfreunde,1x,,Kaiser Franz Josef Museum Baden,Verein d. N.Ö. Landesfreunde,Kaiser Franz Josef Museum Baden,\\digs505n\noemuseen\0272\KFJM5515.JPG,
